-- Auto-generated by database/load_csv_to_sql.py. Do not edit by hand.
-- Source: output_aiws_corrected_subdivisions_fixed.csv (338 systems, 53 dates)
USE weather_data_system;

SET FOREIGN_KEY_CHECKS = 0;
TRUNCATE TABLE system_pressure_levels;
TRUNCATE TABLE system_subdivisions;
TRUNCATE TABLE weather_systems;
TRUNCATE TABLE weather_entries;
TRUNCATE TABLE pressure_levels;
TRUNCATE TABLE subdivisions;
SET FOREIGN_KEY_CHECKS = 1;

-- Lookup: subdivisions
INSERT INTO subdivisions (id, name) VALUES
(1, 'Andaman & Nicobar Islands'),
(2, 'Arunachal Pradesh'),
(3, 'Assam & Meghalaya'),
(4, 'Bangladesh'),
(5, 'Bihar'),
(6, 'Central Pakistan'),
(7, 'Chhattisgarh'),
(8, 'Coastal Andhra Pradesh'),
(9, 'Coastal Karnataka'),
(10, 'EC Arabian Sea'),
(11, 'EC Bay'),
(12, 'East Madhya Pradesh'),
(13, 'East Rajasthan'),
(14, 'East Uttar Pradesh'),
(15, 'Gangetic West Bengal'),
(16, 'Gujarat Region'),
(17, 'Gulf of Mannar'),
(18, 'Haryana, Chandigarh & Delhi'),
(19, 'Himachal Pradesh'),
(20, 'Jammu & Kashmir'),
(21, 'Jharkhand'),
(22, 'Konkan & Goa'),
(23, 'Lakshadweep'),
(24, 'Madhya Maharashtra'),
(25, 'Marathwada'),
(26, 'Middle East'),
(27, 'N Andaman Sea'),
(28, 'NE Arabian Sea'),
(29, 'NE Bay'),
(30, 'NW Arabian Sea'),
(31, 'NW Bay'),
(32, 'Nagaland, Manipur, Mizoram & Tripura'),
(33, 'North Interior Karnataka'),
(34, 'North pakistan'),
(35, 'Odisha'),
(36, 'Pakistan'),
(37, 'Punjab'),
(38, 'Rayalaseema'),
(39, 'S Andaman Sea'),
(40, 'SE Bay'),
(41, 'SW Bay'),
(42, 'Saurashtra & Kutch'),
(43, 'Sikkim'),
(44, 'South Interior Karnataka'),
(45, 'Sub-Himalayan West Bengal & Sikkim'),
(46, 'Tamil Nadu & Puducherry'),
(47, 'Telangana'),
(48, 'Uttarakhand'),
(49, 'Vidarbha'),
(50, 'WC Arabian Sea'),
(51, 'WC Bay'),
(52, 'West Madhya Pradesh'),
(53, 'West Rajasthan'),
(54, 'West Uttar Pradesh');

-- Lookup: pressure levels
INSERT INTO pressure_levels (id, label, hpa) VALUES
(1, '400 hPa', 400),
(2, '500 hPa', 500),
(3, '600 hPa', 600),
(4, '700 hPa', 700),
(5, '850 hPa', 850),
(6, '925 hPa', 925);

-- Bulletin dates
INSERT INTO weather_entries (id, entry_date) VALUES
(1, '2025-06-01'),
(2, '2025-06-02'),
(3, '2025-06-03'),
(4, '2025-06-04'),
(5, '2025-06-05'),
(6, '2025-06-06'),
(7, '2025-06-07'),
(8, '2025-06-08'),
(9, '2025-06-09'),
(10, '2025-06-10'),
(11, '2025-06-11'),
(12, '2025-06-12'),
(13, '2025-06-13'),
(14, '2025-06-14'),
(15, '2025-06-15'),
(16, '2025-06-16'),
(17, '2025-06-17'),
(18, '2025-06-18'),
(19, '2025-06-19'),
(20, '2025-06-20'),
(21, '2025-06-21'),
(22, '2025-06-22'),
(23, '2025-06-23'),
(24, '2025-06-24'),
(25, '2025-06-25'),
(26, '2025-06-26'),
(27, '2025-06-27'),
(28, '2025-06-28'),
(29, '2025-06-29'),
(30, '2025-06-30'),
(31, '2026-05-01'),
(32, '2026-05-02'),
(33, '2026-05-03'),
(34, '2026-05-04'),
(35, '2026-05-05'),
(36, '2026-05-06'),
(37, '2026-05-07'),
(38, '2026-05-08'),
(39, '2026-05-09'),
(40, '2026-05-10'),
(41, '2026-05-11'),
(42, '2026-05-12'),
(43, '2026-05-13'),
(44, '2026-05-15'),
(45, '2026-05-16'),
(46, '2026-05-17'),
(47, '2026-05-18'),
(48, '2026-05-19'),
(49, '2026-05-20'),
(50, '2026-05-21'),
(51, '2026-05-22'),
(52, '2026-05-23'),
(53, '2026-05-24');

-- Weather systems
INSERT INTO weather_systems (id, entry_id, system_seq, weather_system) VALUES
(1, 1, 1, 'WD'),
(2, 1, 2, 'Trough'),
(3, 1, 3, 'CYCIR'),
(4, 1, 4, 'CYCIR'),
(5, 1, 5, 'Trough'),
(6, 1, 6, 'CYCIR'),
(7, 1, 7, 'Trough'),
(8, 1, 8, 'Trough'),
(9, 2, 1, 'WD'),
(10, 2, 2, 'CYCIR'),
(11, 2, 3, 'Trough'),
(12, 2, 4, 'CYCIR'),
(13, 2, 5, 'Trough'),
(14, 3, 1, 'WD'),
(15, 3, 2, 'Trough'),
(16, 3, 3, 'CYCIR'),
(17, 3, 4, 'Trough'),
(18, 3, 5, 'CYCIR'),
(19, 4, 1, 'WD'),
(20, 4, 2, 'CYCIR'),
(21, 4, 3, 'CYCIR'),
(22, 4, 4, 'CYCIR'),
(23, 4, 5, 'CYCIR'),
(24, 4, 6, 'Trough'),
(25, 5, 1, 'WD'),
(26, 5, 2, 'CYCIR'),
(27, 6, 1, 'Trough'),
(28, 6, 2, 'CYCIR'),
(29, 6, 3, 'CYCIR'),
(30, 6, 4, 'Trough'),
(31, 6, 5, 'CYCIR'),
(32, 6, 6, 'CYCIR'),
(33, 6, 7, 'WD'),
(34, 7, 1, 'CYCIR'),
(35, 7, 2, 'CYCIR'),
(36, 7, 3, 'CYCIR'),
(37, 7, 4, 'Trough'),
(38, 7, 5, 'Trough'),
(39, 7, 6, 'CYCIR'),
(40, 7, 7, 'WD'),
(41, 8, 1, 'CYCIR'),
(42, 8, 2, 'CYCIR'),
(43, 8, 3, 'CYCIR'),
(44, 8, 4, 'Trough'),
(45, 8, 5, 'WD'),
(46, 8, 6, 'CYCIR'),
(47, 8, 7, 'CYCIR'),
(48, 8, 8, 'WD'),
(49, 9, 1, 'CYCIR'),
(50, 9, 2, 'Trough'),
(51, 9, 3, 'WD'),
(52, 9, 4, 'CYCIR'),
(53, 9, 5, 'Trough'),
(54, 9, 6, 'CYCIR'),
(55, 9, 7, 'Trough'),
(56, 10, 1, 'Trough'),
(57, 10, 2, 'Trough'),
(58, 10, 3, 'CYCIR'),
(59, 10, 4, 'CYCIR'),
(60, 10, 5, 'WD'),
(61, 10, 6, 'CYCIR'),
(62, 10, 7, 'CYCIR'),
(63, 10, 8, 'CYCIR'),
(64, 11, 1, 'CYCIR'),
(65, 11, 2, 'Trough'),
(66, 11, 3, 'CYCIR'),
(67, 12, 1, 'CYCIR'),
(68, 12, 2, 'Trough'),
(69, 12, 3, 'CYCIR'),
(70, 12, 4, 'CYCIR'),
(71, 12, 5, 'CYCIR'),
(72, 12, 6, 'Trough'),
(73, 12, 7, 'WD'),
(74, 13, 1, 'CYCIR'),
(75, 13, 2, 'Trough'),
(76, 13, 3, 'CYCIR'),
(77, 13, 4, 'Trough'),
(78, 13, 5, 'WD'),
(79, 14, 1, 'CYCIR'),
(80, 14, 2, 'Trough'),
(81, 14, 3, 'CYCIR'),
(82, 14, 4, 'Trough'),
(83, 14, 5, 'WD'),
(84, 14, 6, 'CYCIR'),
(85, 14, 7, 'CYCIR'),
(86, 14, 8, 'CYCIR'),
(87, 14, 9, 'Trough'),
(88, 14, 10, 'CYCIR'),
(89, 15, 1, 'CYCIR'),
(90, 15, 2, 'CYCIR'),
(91, 15, 3, 'CYCIR'),
(92, 15, 4, 'Trough'),
(93, 15, 5, 'CYCIR'),
(94, 15, 6, 'CYCIR'),
(95, 15, 7, 'Trough'),
(96, 15, 8, 'CYCIR'),
(97, 15, 9, 'CYCIR'),
(98, 15, 10, 'WD'),
(99, 16, 1, 'CYCIR'),
(100, 16, 2, 'CYCIR'),
(101, 16, 3, 'CYCIR'),
(102, 16, 4, 'WD'),
(103, 16, 5, 'CYCIR'),
(104, 16, 6, 'CYCIR'),
(105, 17, 1, 'Trough'),
(106, 17, 2, 'WD'),
(107, 17, 3, 'CYCIR'),
(108, 18, 1, 'Trough'),
(109, 18, 2, 'WD'),
(110, 18, 3, 'CYCIR'),
(111, 19, 1, 'CYCIR'),
(112, 19, 2, 'Trough'),
(113, 19, 3, 'WD'),
(114, 20, 1, 'CYCIR'),
(115, 20, 2, 'Trough'),
(116, 21, 1, 'CYCIR'),
(117, 21, 2, 'Trough'),
(118, 21, 3, 'CYCIR'),
(119, 22, 1, 'Trough'),
(120, 22, 2, 'Trough'),
(121, 22, 3, 'CYCIR'),
(122, 23, 1, 'Trough'),
(123, 23, 2, 'Trough'),
(124, 23, 3, 'CYCIR'),
(125, 23, 4, 'CYCIR'),
(126, 24, 1, 'CYCIR'),
(127, 24, 2, 'Trough'),
(128, 24, 3, 'Trough'),
(129, 24, 4, 'CYCIR'),
(130, 24, 5, 'Trough'),
(131, 24, 6, 'CYCIR'),
(132, 25, 1, 'CYCIR'),
(133, 25, 2, 'CYCIR'),
(134, 25, 3, 'Trough'),
(135, 26, 1, 'Trough'),
(136, 26, 2, 'CYCIR'),
(137, 27, 1, 'CYCIR'),
(138, 27, 2, 'Trough'),
(139, 28, 1, 'CYCIR'),
(140, 28, 2, 'CYCIR'),
(141, 28, 3, 'CYCIR'),
(142, 29, 1, 'Trough'),
(143, 29, 2, 'CYCIR'),
(144, 29, 3, 'CYCIR'),
(145, 30, 1, 'Trough'),
(146, 30, 2, 'CYCIR'),
(147, 30, 3, 'CYCIR'),
(148, 31, 1, 'WD'),
(149, 31, 2, 'WD'),
(150, 31, 3, 'CYCIR'),
(151, 31, 4, 'Trough'),
(152, 31, 5, 'CYCIR'),
(153, 31, 6, 'CYCIR'),
(154, 31, 7, 'Trough'),
(155, 31, 8, 'Trough'),
(156, 31, 9, 'CYCIR'),
(157, 32, 1, 'WD'),
(158, 32, 2, 'CYCIR'),
(159, 32, 3, 'CYCIR'),
(160, 32, 4, 'Trough'),
(161, 32, 5, 'CYCIR'),
(162, 32, 6, 'WD'),
(163, 33, 1, 'WD'),
(164, 33, 2, 'Trough'),
(165, 33, 3, 'CYCIR'),
(166, 33, 4, 'Trough'),
(167, 33, 5, 'CYCIR'),
(168, 33, 6, 'CYCIR'),
(169, 33, 7, 'CYCIR'),
(170, 33, 8, 'Trough'),
(171, 33, 9, 'CYCIR'),
(172, 33, 10, 'CYCIR'),
(173, 34, 1, 'WD'),
(174, 34, 2, 'Trough'),
(175, 34, 3, 'CYCIR'),
(176, 34, 4, 'Trough'),
(177, 34, 5, 'CYCIR'),
(178, 34, 6, 'Trough'),
(179, 34, 7, 'Trough'),
(180, 34, 8, 'CYCIR'),
(181, 35, 1, 'WD'),
(182, 35, 2, 'Trough'),
(183, 35, 3, 'CYCIR'),
(184, 35, 4, 'CYCIR'),
(185, 35, 5, 'CYCIR'),
(186, 35, 6, 'CYCIR'),
(187, 35, 7, 'Trough'),
(188, 35, 8, 'Trough'),
(189, 35, 9, 'Trough'),
(190, 35, 10, 'CYCIR'),
(191, 36, 1, 'WD'),
(192, 36, 2, 'CYCIR'),
(193, 36, 3, 'CYCIR'),
(194, 36, 4, 'CYCIR'),
(195, 36, 5, 'CYCIR'),
(196, 36, 6, 'CYCIR'),
(197, 36, 7, 'Trough'),
(198, 36, 8, 'Trough'),
(199, 37, 1, 'WD'),
(200, 37, 2, 'CYCIR');
INSERT INTO weather_systems (id, entry_id, system_seq, weather_system) VALUES
(201, 37, 3, 'CYCIR'),
(202, 37, 4, 'CYCIR'),
(203, 37, 5, 'CYCIR'),
(204, 37, 6, 'CYCIR'),
(205, 37, 7, 'Trough'),
(206, 37, 8, 'Trough'),
(207, 37, 9, 'CYCIR'),
(208, 37, 10, 'CYCIR'),
(209, 38, 1, 'WD'),
(210, 38, 2, 'CYCIR'),
(211, 38, 3, 'Trough'),
(212, 38, 4, 'Trough'),
(213, 38, 5, 'CYCIR'),
(214, 38, 6, 'Trough'),
(215, 38, 7, 'CYCIR'),
(216, 38, 8, 'CYCIR'),
(217, 38, 9, 'Trough'),
(218, 39, 1, 'WD'),
(219, 39, 2, 'CYCIR'),
(220, 39, 3, 'Trough'),
(221, 39, 4, 'Trough'),
(222, 39, 5, 'CYCIR'),
(223, 39, 6, 'CYCIR'),
(224, 39, 7, 'CYCIR'),
(225, 39, 8, 'CYCIR'),
(226, 40, 1, 'WD'),
(227, 40, 2, 'CYCIR'),
(228, 40, 3, 'CYCIR'),
(229, 40, 4, 'CYCIR'),
(230, 40, 5, 'Trough'),
(231, 40, 6, 'CYCIR'),
(232, 40, 7, 'Trough'),
(233, 40, 8, 'Trough'),
(234, 40, 9, 'Trough'),
(235, 40, 10, 'CYCIR'),
(236, 41, 1, 'Trough'),
(237, 41, 2, 'CYCIR'),
(238, 41, 3, 'Trough'),
(239, 41, 4, 'WD'),
(240, 41, 5, 'CYCIR'),
(241, 41, 6, 'CYCIR'),
(242, 41, 7, 'Trough'),
(243, 41, 8, 'CYCIR'),
(244, 41, 9, 'Trough'),
(245, 41, 10, 'CYCIR'),
(246, 42, 1, 'Trough'),
(247, 42, 2, 'WD'),
(248, 42, 3, 'CYCIR'),
(249, 42, 4, 'CYCIR'),
(250, 42, 5, 'Trough'),
(251, 42, 6, 'Trough'),
(252, 42, 7, 'CYCIR'),
(253, 42, 8, 'CYCIR'),
(254, 43, 1, 'WD'),
(255, 43, 2, 'CYCIR'),
(256, 43, 3, 'CYCIR'),
(257, 43, 4, 'CYCIR'),
(258, 43, 5, 'Trough'),
(259, 43, 6, 'Trough'),
(260, 43, 7, 'Trough'),
(261, 43, 8, 'Trough'),
(262, 44, 1, 'WD'),
(263, 44, 2, 'WD'),
(264, 44, 3, 'CYCIR'),
(265, 44, 4, 'CYCIR'),
(266, 44, 5, 'Trough'),
(267, 45, 1, 'CYCIR'),
(268, 45, 2, 'WD'),
(269, 45, 3, 'Trough'),
(270, 45, 4, 'CYCIR'),
(271, 45, 5, 'CYCIR'),
(272, 45, 6, 'CYCIR'),
(273, 45, 7, 'CYCIR'),
(274, 45, 8, 'CYCIR'),
(275, 45, 9, 'Trough'),
(276, 46, 1, 'CYCIR'),
(277, 46, 2, 'CYCIR'),
(278, 46, 3, 'CYCIR'),
(279, 46, 4, 'CYCIR'),
(280, 46, 5, 'CYCIR'),
(281, 46, 6, 'CYCIR'),
(282, 46, 7, 'Trough'),
(283, 46, 8, 'WD'),
(284, 46, 9, 'Trough'),
(285, 46, 10, 'CYCIR'),
(286, 47, 1, 'WD'),
(287, 48, 1, 'WD'),
(288, 48, 2, 'Trough'),
(289, 48, 3, 'CYCIR'),
(290, 48, 4, 'Trough'),
(291, 48, 5, 'Trough'),
(292, 48, 6, 'CYCIR'),
(293, 48, 7, 'Trough'),
(294, 48, 8, 'CYCIR'),
(295, 49, 1, 'WD'),
(296, 49, 2, 'WD'),
(297, 49, 3, 'CYCIR'),
(298, 49, 4, 'CYCIR'),
(299, 49, 5, 'Trough'),
(300, 49, 6, 'CYCIR'),
(301, 49, 7, 'CYCIR'),
(302, 49, 8, 'CYCIR'),
(303, 49, 9, 'Trough'),
(304, 50, 1, 'WD'),
(305, 50, 2, 'CYCIR'),
(306, 50, 3, 'CYCIR'),
(307, 50, 4, 'CYCIR'),
(308, 50, 5, 'Trough'),
(309, 50, 6, 'Trough'),
(310, 50, 7, 'CYCIR'),
(311, 50, 8, 'CYCIR'),
(312, 50, 9, 'Trough'),
(313, 50, 10, 'CYCIR'),
(314, 51, 1, 'WD'),
(315, 51, 2, 'Trough'),
(316, 51, 3, 'CYCIR'),
(317, 51, 4, 'CYCIR'),
(318, 51, 5, 'CYCIR'),
(319, 51, 6, 'CYCIR'),
(320, 51, 7, 'CYCIR'),
(321, 51, 8, 'Trough'),
(322, 51, 9, 'Trough'),
(323, 51, 10, 'Trough'),
(324, 51, 11, 'CYCIR'),
(325, 52, 1, 'WD'),
(326, 52, 2, 'Trough'),
(327, 52, 3, 'CYCIR'),
(328, 52, 4, 'CYCIR'),
(329, 52, 5, 'Trough'),
(330, 52, 6, 'CYCIR'),
(331, 52, 7, 'Trough'),
(332, 52, 8, 'Trough'),
(333, 52, 9, 'CYCIR'),
(334, 53, 1, 'WD'),
(335, 53, 2, 'CYCIR'),
(336, 53, 3, 'CYCIR'),
(337, 53, 4, 'CYCIR'),
(338, 53, 5, 'Trough');

-- Junction: system <-> subdivision
INSERT INTO system_subdivisions (system_id, subdivision_id) VALUES
(1, 34),
(1, 20),
(1, 37),
(2, 20),
(2, 34),
(2, 19),
(3, 6),
(4, 18),
(5, 6),
(5, 18),
(5, 53),
(6, 3),
(7, 14),
(7, 2),
(7, 45),
(8, 43),
(8, 3),
(8, 15),
(8, 45),
(8, 31),
(8, 4),
(8, 32),
(9, 34),
(9, 20),
(9, 37),
(10, 18),
(11, 3),
(11, 32),
(11, 43),
(11, 4),
(11, 15),
(11, 45),
(12, 5),
(13, 14),
(13, 3),
(13, 45),
(14, 34),
(14, 20),
(14, 37),
(15, 20),
(15, 37),
(15, 18),
(15, 19),
(16, 18),
(17, 3),
(17, 32),
(17, 2),
(17, 4),
(18, 18),
(19, 37),
(20, 37),
(21, 4),
(22, 3),
(23, 16),
(24, 15),
(24, 45),
(24, 5),
(24, 21),
(24, 43),
(24, 4),
(25, 19),
(25, 48),
(25, 54),
(25, 18),
(25, 13),
(25, 20),
(26, 37),
(27, 14),
(27, 7),
(27, 35),
(27, 5),
(27, 21),
(28, 6),
(29, 33),
(30, 24),
(30, 8),
(30, 33),
(31, 54),
(32, 3),
(33, 26),
(34, 53),
(35, 54),
(36, 12),
(37, 49),
(37, 33),
(38, 15),
(38, 45),
(38, 5),
(38, 21),
(38, 43),
(38, 4),
(39, 3),
(40, 26),
(40, 36),
(41, 53),
(42, 54),
(43, 6),
(44, 43),
(44, 15),
(44, 45),
(44, 4),
(44, 3),
(44, 5),
(45, 26),
(45, 36),
(46, 4),
(47, 11),
(48, 20),
(49, 18),
(50, 54),
(50, 52),
(50, 12),
(51, 26),
(51, 36),
(52, 11),
(53, 46),
(53, 24),
(53, 25),
(53, 22),
(53, 33),
(53, 44),
(54, 31),
(55, 43),
(55, 15),
(55, 45),
(55, 4),
(55, 3),
(55, 5),
(56, 54),
(56, 52),
(56, 12),
(57, 46),
(57, 24),
(57, 25),
(57, 22),
(57, 33),
(57, 44),
(58, 54),
(59, 31),
(60, 26),
(60, 36),
(61, 7),
(62, 34),
(63, 54),
(63, 14),
(64, 8),
(65, 13),
(65, 51),
(65, 52),
(65, 12),
(66, 54),
(66, 14),
(67, 37),
(68, 12),
(68, 52),
(69, 54),
(70, 53),
(71, 8),
(72, 9),
(72, 33),
(72, 44),
(73, 26),
(73, 36),
(74, 53),
(75, 53),
(75, 25),
(75, 52),
(75, 12),
(76, 8),
(77, 8),
(77, 9),
(77, 33),
(77, 44),
(78, 36),
(79, 53),
(80, 53),
(80, 24),
(80, 16),
(81, 33),
(82, 30),
(82, 28),
(82, 50),
(82, 10),
(82, 8),
(82, 47),
(83, 53),
(83, 6),
(83, 34),
(83, 36),
(84, 35),
(85, 8),
(86, 31),
(86, 29),
(87, 31),
(87, 29),
(87, 35),
(88, 3),
(89, 31),
(89, 29),
(90, 8);
INSERT INTO system_subdivisions (system_id, subdivision_id) VALUES
(91, 25),
(92, 12),
(92, 4),
(92, 15),
(93, 3),
(94, 53),
(95, 53),
(95, 52),
(96, 19),
(97, 14),
(98, 53),
(98, 6),
(98, 34),
(98, 36),
(99, 31),
(100, 53),
(101, 19),
(102, 53),
(102, 6),
(102, 34),
(102, 36),
(103, 3),
(104, 24),
(105, 52),
(105, 12),
(106, 20),
(106, 34),
(106, 6),
(106, 37),
(107, 3),
(108, 37),
(108, 16),
(108, 53),
(108, 13),
(109, 37),
(110, 54),
(110, 14),
(111, 13),
(112, 37),
(112, 54),
(113, 37),
(114, 13),
(115, 37),
(115, 54),
(115, 13),
(116, 13),
(117, 54),
(117, 4),
(117, 52),
(117, 12),
(118, 3),
(119, 6),
(119, 3),
(120, 16),
(120, 4),
(121, 3),
(122, 54),
(122, 14),
(122, 31),
(122, 12),
(123, 15),
(123, 45),
(123, 5),
(123, 21),
(123, 43),
(123, 35),
(124, 42),
(125, 3),
(126, 54),
(126, 14),
(127, 54),
(127, 14),
(127, 31),
(127, 12),
(128, 37),
(128, 4),
(128, 54),
(128, 14),
(129, 21),
(130, 30),
(130, 28),
(130, 50),
(130, 10),
(130, 21),
(131, 3),
(132, 54),
(132, 14),
(133, 31),
(134, 30),
(134, 28),
(134, 50),
(134, 10),
(134, 31),
(135, 30),
(135, 28),
(135, 50),
(135, 10),
(135, 31),
(135, 52),
(135, 12),
(136, 12),
(137, 53),
(138, 30),
(138, 28),
(138, 50),
(138, 10),
(138, 35),
(138, 24),
(139, 30),
(139, 28),
(139, 50),
(139, 10),
(140, 15),
(141, 3),
(142, 53),
(142, 31),
(142, 52),
(142, 12),
(143, 18),
(144, 30),
(144, 28),
(144, 50),
(144, 10),
(145, 54),
(145, 15),
(146, 54),
(146, 14),
(147, 53),
(148, 20),
(149, 26),
(150, 37),
(151, 35),
(151, 17),
(151, 8),
(151, 38),
(152, 15),
(153, 4),
(154, 43),
(154, 15),
(154, 45),
(154, 31),
(154, 4),
(154, 3),
(154, 5),
(155, 43),
(155, 3),
(155, 15),
(155, 45),
(155, 4),
(155, 32),
(156, 4),
(157, 26),
(158, 37),
(159, 15),
(160, 15),
(160, 45),
(160, 31),
(160, 5),
(160, 21),
(160, 35),
(161, 53),
(162, 20),
(163, 34),
(164, 6),
(164, 36),
(164, 34),
(165, 18),
(166, 18),
(166, 53),
(167, 53),
(168, 13),
(169, 12),
(170, 7),
(170, 17),
(170, 8),
(170, 38),
(171, 3),
(172, 15),
(173, 34),
(174, 20),
(174, 34),
(174, 6),
(174, 37),
(175, 18),
(176, 18),
(176, 53),
(177, 12),
(178, 7),
(178, 32),
(178, 15),
(179, 7),
(179, 17),
(179, 38),
(180, 3),
(181, 34),
(181, 20),
(182, 20),
(182, 34),
(182, 6),
(182, 37);
INSERT INTO system_subdivisions (system_id, subdivision_id) VALUES
(183, 18),
(184, 13),
(185, 14),
(186, 12),
(187, 7),
(187, 52),
(187, 12),
(188, 49),
(188, 52),
(188, 12),
(189, 43),
(189, 15),
(189, 45),
(189, 4),
(189, 3),
(189, 5),
(190, 3),
(191, 20),
(192, 53),
(193, 14),
(194, 3),
(195, 47),
(196, 17),
(197, 52),
(197, 12),
(197, 33),
(197, 38),
(198, 43),
(198, 15),
(198, 45),
(198, 4),
(198, 3),
(198, 5),
(199, 54),
(200, 14),
(201, 3),
(202, 52),
(202, 12),
(203, 6),
(204, 23),
(205, 52),
(205, 23),
(205, 24),
(206, 52),
(206, 12),
(206, 21),
(206, 7),
(207, 18),
(208, 7),
(209, 54),
(210, 6),
(211, 6),
(211, 4),
(211, 45),
(212, 23),
(212, 52),
(212, 33),
(212, 44),
(213, 54),
(214, 52),
(214, 12),
(214, 54),
(215, 3),
(216, 1),
(216, 27),
(216, 39),
(217, 14),
(217, 7),
(217, 35),
(217, 5),
(217, 21),
(218, 54),
(218, 5),
(219, 6),
(220, 53),
(220, 13),
(220, 4),
(220, 15),
(221, 17),
(221, 52),
(221, 24),
(221, 25),
(221, 22),
(222, 54),
(223, 17),
(224, 23),
(225, 12),
(226, 26),
(227, 45),
(228, 13),
(229, 54),
(230, 13),
(230, 15),
(230, 52),
(230, 12),
(231, 4),
(232, 34),
(232, 25),
(232, 24),
(233, 5),
(233, 8),
(233, 7),
(234, 23),
(234, 33),
(234, 44),
(235, 17),
(236, 31),
(236, 29),
(236, 51),
(236, 11),
(236, 41),
(236, 40),
(236, 23),
(236, 46),
(237, 23),
(238, 23),
(238, 25),
(238, 9),
(239, 34),
(240, 53),
(241, 52),
(242, 52),
(242, 45),
(242, 12),
(243, 45),
(244, 2),
(244, 31),
(244, 29),
(244, 3),
(245, 4),
(246, 31),
(246, 29),
(246, 51),
(246, 11),
(246, 41),
(246, 40),
(246, 33),
(247, 34),
(248, 53),
(249, 52),
(250, 52),
(250, 45),
(250, 15),
(251, 2),
(251, 31),
(251, 29),
(252, 54),
(252, 14),
(253, 44),
(254, 34),
(254, 20),
(255, 18),
(256, 54),
(257, 52),
(258, 52),
(259, 43),
(259, 15),
(259, 45),
(259, 4),
(259, 3),
(259, 5),
(260, 52),
(260, 44),
(260, 33),
(261, 2),
(261, 31),
(261, 29),
(262, 26),
(262, 36),
(263, 34),
(264, 45),
(265, 14),
(266, 12),
(266, 33),
(266, 25),
(267, 46),
(268, 34),
(269, 34),
(270, 53),
(271, 13),
(272, 54),
(272, 14),
(273, 54),
(274, 12),
(275, 12),
(275, 33),
(275, 44),
(276, 53),
(277, 49),
(278, 14),
(279, 5),
(280, 3),
(281, 17),
(282, 49),
(282, 17),
(282, 33),
(282, 44),
(283, 26),
(284, 3),
(284, 2);
INSERT INTO system_subdivisions (system_id, subdivision_id) VALUES
(285, 13),
(286, 26),
(287, 26),
(287, 34),
(287, 20),
(287, 37),
(288, 20),
(288, 34),
(288, 37),
(289, 14),
(290, 14),
(290, 3),
(291, 52),
(291, 14),
(291, 24),
(292, 8),
(293, 23),
(293, 8),
(293, 44),
(294, 3),
(295, 34),
(295, 20),
(295, 37),
(296, 26),
(297, 37),
(298, 14),
(299, 14),
(299, 47),
(299, 12),
(300, 5),
(301, 4),
(302, 15),
(303, 30),
(303, 28),
(303, 50),
(303, 10),
(303, 31),
(303, 29),
(303, 51),
(303, 11),
(303, 41),
(303, 40),
(303, 44),
(304, 26),
(304, 36),
(305, 36),
(306, 5),
(307, 4),
(308, 14),
(308, 35),
(308, 7),
(309, 43),
(309, 15),
(309, 45),
(309, 31),
(309, 4),
(309, 3),
(309, 5),
(310, 15),
(311, 35),
(312, 30),
(312, 28),
(312, 50),
(312, 10),
(312, 31),
(312, 29),
(312, 51),
(312, 11),
(312, 41),
(312, 40),
(313, 18),
(314, 34),
(315, 34),
(315, 6),
(315, 36),
(315, 20),
(316, 18),
(317, 35),
(318, 3),
(319, 31),
(319, 29),
(319, 51),
(319, 11),
(319, 41),
(319, 40),
(320, 30),
(320, 28),
(320, 50),
(320, 10),
(321, 30),
(321, 28),
(321, 50),
(321, 10),
(321, 17),
(321, 46),
(322, 54),
(322, 35),
(322, 14),
(323, 14),
(323, 35),
(324, 30),
(324, 28),
(324, 50),
(324, 10),
(325, 34),
(325, 20),
(326, 20),
(326, 37),
(326, 13),
(326, 18),
(326, 19),
(327, 3),
(328, 31),
(328, 29),
(328, 51),
(328, 11),
(328, 41),
(328, 40),
(329, 54),
(329, 8),
(329, 7),
(330, 5),
(331, 37),
(331, 53),
(332, 43),
(332, 3),
(332, 45),
(332, 15),
(332, 4),
(332, 32),
(333, 30),
(333, 28),
(333, 50),
(333, 10),
(334, 20),
(335, 5),
(336, 3),
(337, 31),
(337, 29),
(337, 51),
(337, 11),
(337, 41),
(337, 40),
(338, 43),
(338, 3),
(338, 45),
(338, 15),
(338, 4),
(338, 32);

-- Junction: system <-> pressure level
INSERT INTO system_pressure_levels (system_id, pressure_level_id) VALUES
(1, 4),
(2, 2),
(3, 5),
(4, 6),
(5, 6),
(6, 6),
(8, 5),
(9, 4),
(9, 3),
(9, 2),
(9, 1),
(10, 5),
(11, 5),
(12, 5),
(13, 6),
(14, 4),
(14, 3),
(15, 2),
(16, 5),
(17, 5),
(18, 6),
(19, 2),
(20, 5),
(21, 6),
(22, 6),
(23, 5),
(23, 4),
(24, 4),
(25, 2),
(26, 5),
(27, 2),
(28, 6),
(29, 4),
(30, 5),
(31, 5),
(32, 5),
(33, 2),
(34, 6),
(35, 5),
(36, 5),
(37, 5),
(39, 6),
(40, 2),
(41, 6),
(42, 5),
(43, 5),
(45, 2),
(46, 5),
(47, 2),
(48, 2),
(49, 5),
(50, 6),
(51, 2),
(52, 2),
(52, 1),
(53, 4),
(53, 3),
(54, 5),
(54, 4),
(54, 3),
(54, 2),
(56, 6),
(57, 4),
(57, 3),
(58, 5),
(59, 5),
(59, 4),
(59, 3),
(59, 2),
(60, 2),
(61, 6),
(62, 5),
(63, 5),
(64, 2),
(65, 6),
(66, 5),
(67, 6),
(68, 6),
(69, 5),
(70, 5),
(70, 4),
(71, 2),
(72, 2),
(73, 2),
(74, 6),
(75, 6),
(76, 2),
(77, 4),
(78, 2),
(79, 5),
(80, 5),
(81, 2),
(82, 4),
(82, 3),
(82, 2),
(83, 2),
(84, 4),
(84, 3),
(84, 2),
(85, 2),
(86, 4),
(87, 4),
(88, 6),
(89, 4),
(89, 3),
(89, 2),
(89, 1),
(90, 2),
(91, 1),
(92, 5),
(93, 3),
(94, 5),
(95, 5),
(96, 5),
(97, 6),
(98, 2),
(99, 5),
(99, 4),
(99, 3),
(99, 2),
(100, 6),
(101, 4),
(102, 2),
(103, 5),
(104, 1),
(105, 6),
(106, 2),
(107, 5),
(108, 4),
(108, 3),
(108, 2),
(109, 4),
(109, 3),
(110, 4),
(110, 3),
(110, 2),
(111, 3),
(112, 4),
(112, 3),
(112, 2),
(113, 2),
(114, 2),
(115, 6),
(115, 5),
(116, 5),
(117, 4),
(118, 5),
(119, 5),
(119, 4),
(119, 3),
(120, 4),
(121, 6),
(122, 5),
(123, 4),
(124, 4),
(125, 5),
(126, 2),
(127, 5),
(128, 6),
(129, 4),
(129, 3),
(129, 2),
(129, 1),
(130, 4),
(131, 6),
(132, 2),
(133, 1),
(134, 4),
(134, 3),
(134, 2),
(135, 5),
(135, 4),
(135, 3),
(135, 2),
(135, 1),
(136, 6),
(137, 2),
(138, 3),
(138, 2),
(140, 3),
(141, 6),
(142, 4),
(142, 3),
(142, 2),
(143, 5),
(144, 2),
(145, 4),
(147, 4),
(148, 2),
(150, 5),
(151, 6),
(152, 5),
(153, 4),
(153, 3),
(153, 2),
(154, 1),
(155, 4),
(155, 3),
(155, 2),
(155, 1);
INSERT INTO system_pressure_levels (system_id, pressure_level_id) VALUES
(158, 5),
(159, 5),
(159, 4),
(161, 6),
(163, 4),
(164, 2),
(165, 5),
(166, 6),
(167, 6),
(168, 6),
(169, 5),
(170, 5),
(171, 4),
(172, 5),
(173, 4),
(174, 2),
(175, 5),
(177, 5),
(178, 6),
(179, 6),
(180, 5),
(181, 4),
(182, 2),
(183, 5),
(184, 5),
(185, 6),
(186, 5),
(187, 6),
(188, 5),
(189, 4),
(190, 6),
(191, 4),
(191, 3),
(191, 2),
(191, 1),
(192, 5),
(193, 6),
(194, 6),
(195, 5),
(196, 5),
(197, 6),
(198, 4),
(199, 2),
(199, 1),
(200, 5),
(200, 4),
(200, 3),
(201, 5),
(202, 5),
(203, 5),
(204, 5),
(205, 6),
(206, 6),
(207, 5),
(208, 5),
(209, 2),
(209, 1),
(210, 5),
(211, 5),
(212, 6),
(213, 6),
(214, 6),
(215, 5),
(216, 5),
(217, 2),
(217, 1),
(218, 5),
(218, 4),
(218, 3),
(218, 2),
(219, 6),
(220, 6),
(221, 6),
(222, 5),
(223, 2),
(224, 5),
(225, 5),
(226, 2),
(227, 5),
(227, 4),
(227, 3),
(227, 2),
(228, 6),
(229, 5),
(230, 6),
(231, 5),
(232, 6),
(233, 1),
(234, 6),
(235, 2),
(236, 5),
(236, 4),
(236, 3),
(237, 6),
(238, 6),
(239, 4),
(240, 5),
(241, 5),
(242, 5),
(243, 5),
(243, 4),
(244, 2),
(244, 1),
(245, 5),
(246, 6),
(247, 4),
(248, 6),
(249, 5),
(250, 6),
(252, 5),
(253, 2),
(254, 4),
(255, 6),
(256, 6),
(257, 6),
(258, 6),
(259, 4),
(260, 5),
(262, 2),
(263, 4),
(263, 3),
(263, 2),
(264, 6),
(265, 6),
(266, 6),
(267, 6),
(268, 4),
(269, 2),
(270, 4),
(271, 6),
(272, 5),
(273, 6),
(274, 5),
(275, 6),
(276, 5),
(277, 6),
(278, 6),
(279, 6),
(280, 6),
(281, 4),
(282, 6),
(283, 2),
(284, 2),
(285, 6),
(286, 2),
(286, 1),
(287, 5),
(287, 4),
(288, 2),
(289, 5),
(290, 6),
(291, 5),
(292, 4),
(292, 3),
(292, 2),
(293, 4),
(293, 3),
(293, 2),
(294, 5),
(295, 4),
(296, 2),
(297, 5),
(298, 6),
(299, 6),
(300, 6),
(301, 6),
(302, 5),
(303, 4),
(303, 3),
(304, 2),
(305, 6),
(306, 6),
(308, 6),
(309, 4),
(310, 5),
(311, 5),
(312, 4),
(312, 3),
(313, 5),
(314, 4),
(315, 1),
(316, 5),
(317, 5),
(318, 5),
(319, 4),
(320, 4),
(321, 4),
(322, 5),
(324, 5),
(325, 4),
(326, 2),
(327, 5),
(328, 4),
(328, 3),
(328, 2),
(329, 6),
(330, 6),
(331, 5),
(332, 2),
(333, 4);
INSERT INTO system_pressure_levels (system_id, pressure_level_id) VALUES
(333, 3),
(333, 2),
(334, 4),
(335, 6),
(336, 6),
(337, 4),
(337, 3),
(337, 2),
(338, 2);
