weather system,date,heightAboveMSL,Regions,subdivisions
Western Disturbances (WD),01-01-2024,1.5 km,West Uttar Pradesh,West Uttar Pradesh
Westerly Trough,01-01-2024,5.8 km,Jammu & Kashmir ; Punjab ; North Pakistan ; Haryana ; Himachal Pradesh,Jammu & Kashmir ; Punjab ; North Pakistan ; Haryana ; Himachal Pradesh
Cyclonic Circulation (CYCIR),02-01-2024,1.5 km,Bihar,Bihar
Cyclonic Circulation (CYCIR),02-01-2024,3.1 km,"Haryana, Chandigarh & Delhi","Haryana, Chandigarh & Delhi"
Trough,02-01-2024,0.9 km,West Uttar Pradesh ; East Uttar Pradesh ; West Madhya Pradesh,West Uttar Pradesh ; East Uttar Pradesh ; West Madhya Pradesh
Low Pressure (L) with associated CYCIR,03-01-2024,5.8 km,SE Arabian Sea,SE Arabian Sea
Trough,03-01-2024,1.5 km,SE Arabian Sea ; Kerala ; Coastal Karnataka,SE Arabian Sea ; Kerala ; Coastal Karnataka
Cyclonic Circulation (CYCIR),03-01-2024,5.8 km,SW Bay,SW Bay
Cyclonic Circulation (CYCIR),03-01-2024,1.5 km,"Haryana, Chandigarh & Delhi","Haryana, Chandigarh & Delhi"
Trough,03-01-2024,1.5 km,"Konkan & Goa ; Haryana, Chandigarh & Delhi","Konkan & Goa ; Haryana, Chandigarh & Delhi"
Western Disturbances (WD),03-01-2024,3.1 km to 4.5 km,Jammu & Kashmir ; North pakistan,Jammu & Kashmir ; North pakistan
Cyclonic Circulation (CYCIR),04-01-2024,3.1 km,SE Arabian Sea ; Lakshadweep,SE Arabian Sea ; Lakshadweep
Trough,04-01-2024,1.5 km,SE Arabian Sea ; Lakshadweep ; South Interior Karnataka,SE Arabian Sea ; Lakshadweep ; South Interior Karnataka
Western Disturbances (WD),04-01-2024,3.1 km,"Haryana, Chandigarh & Delhi","Haryana, Chandigarh & Delhi"
Induced Cyclonic Circulation,04-01-2024,1.5 km,West Uttar Pradesh,West Uttar Pradesh
Trough,04-01-2024,1.5 km,North Interior Karnataka ; West Uttar Pradesh,North Interior Karnataka ; West Uttar Pradesh
Cyclonic Circulation (CYCIR),05-01-2024,3.1 km,Lakshadweep ; SE Arabian Sea,Lakshadweep ; SE Arabian Sea
Trough,05-01-2024,1.5 km,Lakshadweep ; Konkan & Goa,Lakshadweep ; Konkan & Goa
Western Disturbances (WD),05-01-2024,3.1 km to 4.5 km,"Haryana, Chandigarh & Delhi","Haryana, Chandigarh & Delhi"
Induced Cyclonic Circulation,05-01-2024,1.5 km,East Rajasthan,East Rajasthan
Trough,05-01-2024,1.5 km,Gujarat Region ; East Rajasthan,Gujarat Region ; East Rajasthan
Trough,05-01-2024,1.5 km,SW Bay ; WC Bay,SW Bay ; WC Bay
Western Disturbances (WD),05-01-2024,3.1 km,West Pakistan ; North Pakistan ; Central Pakistan ; Jammu & Kashmir ; Punjab,West Pakistan ; North Pakistan ; Central Pakistan ; Jammu & Kashmir ; Punjab
Cyclonic Circulation (CYCIR),06-01-2024,1.5 km,Lakshadweep,Lakshadweep
Trough,06-01-2024,0.9 km,Lakshadweep ; Konkan & Goa ; Madhya Maharashtra ; Vidarbha,Lakshadweep ; Konkan & Goa ; Madhya Maharashtra ; Vidarbha
Western Disturbances (WD),06-01-2024,1.5 km to 4.5 km,West Uttar Pradesh,West Uttar Pradesh
Trough,06-01-2024,1.5 km,Gujarat Region ; West Madhya Pradesh ; West Uttar Pradesh,Gujarat Region ; West Madhya Pradesh ; West Uttar Pradesh
Trough,06-01-2024,3.1 km,SW Bay ; Coastal Andhra Pradesh,SW Bay ; Coastal Andhra Pradesh
Western Disturbances (WD),06-01-2024,3.1 km,Haryana ; Punjab ; Delhi ; Jammu & Kashmir ; Himachal Pradesh,Haryana ; Punjab ; Delhi ; Jammu & Kashmir ; Himachal Pradesh
Cyclonic Circulation (CYCIR),07-01-2024,1.5 km,SE Arabian Sea,SE Arabian Sea
Mean Sea Level Trough,07-01-2024,1.5 km,WC Bay ; Coastal Andhra Pradesh,WC Bay ; Coastal Andhra Pradesh
Cyclonic Circulation (CYCIR),07-01-2024,1.5 km,West Uttar Pradesh,West Uttar Pradesh
Trough,07-01-2024,1.5 km,SE Arabian Sea ; Gujarat Region,SE Arabian Sea ; Gujarat Region
Western Disturbances (WD),07-01-2024,5.8 km,Far West Pakistan,Far West Pakistan
Cyclonic Circulation (CYCIR),08-01-2024,1.5 km,SE Arabian Sea,SE Arabian Sea
Mean Sea Level Trough,08-01-2024,0.9 km,Tamil Nadu & Puducherry ; WC Bay,Tamil Nadu & Puducherry ; WC Bay
Western Disturbances (WD),08-01-2024,5.8 km,Southwest Pakistan,Southwest Pakistan
Cyclonic Circulation (CYCIR),08-01-2024,3.1 km,Punjab,Punjab
Cyclonic Circulation (CYCIR),09-01-2024,1.5 km,SE Arabian Sea ; EC Arabian Sea,SE Arabian Sea ; EC Arabian Sea
Trough,09-01-2024,1.5 km,SE Arabian Sea ; EC Arabian Sea ; NE Arabian Sea ; Gujarat Region,SE Arabian Sea ; EC Arabian Sea ; NE Arabian Sea ; Gujarat Region
Cyclonic Circulation (CYCIR),09-01-2024,3.1 km,east Equatorial Indian Ocean centered at Lat 2.8°N and Long 82.2°E,SW Bay ; SE Bay
Western Disturbances (WD),09-01-2024,3.1 km,"Haryana, Chandigarh & Delhi","Haryana, Chandigarh & Delhi"
Westerly Trough,09-01-2024,5.8 km,West Rajasthan ; North Pakistan ; Central Pakistan ; Jammu & Kashmir ; Punjab,West Rajasthan ; North Pakistan ; Central Pakistan ; Jammu & Kashmir ; Punjab
Cyclonic Circulation (CYCIR),09-01-2024,3.1 km,Punjab,Punjab
Western Disturbances (WD),10-01-2024,3.1 km,West Uttar Pradesh,West Uttar Pradesh
Westerly Trough,10-01-2024,5.8 km,Jammu & Kashmir ; Punjab ; Haryana ; Delhi ; Himachal Pradesh,Jammu & Kashmir ; Punjab ; Haryana ; Delhi ; Himachal Pradesh
Cyclonic Circulation (CYCIR),10-01-2024,3.1 km,east Equatorial Indian Ocean centered at Lat 2.5°N and Long 78.5°E,SE Arabian Sea ; SW Bay
Cyclonic Circulation (CYCIR),10-01-2024,1.5 km,Kerala,Kerala
Western Disturbances (WD),11-01-2024,5.8 km,Far West Pakistan,Far West Pakistan
Cyclonic Circulation (CYCIR),11-01-2024,3.1 km,east equatorial Indian Ocean centered at Lat 2.0°N and Long 76°E,SE Arabian Sea ; SW Arabian Sea
Western Disturbances (WD),12-01-2024,5.8 km,Far West Pakistan,Far West Pakistan
Cyclonic Circulation (CYCIR),12-01-2024,4.5 km to 5.8 km,Comorin Area,Comorin Area
Western Disturbances (WD),13-01-2024,5.8 km,West Pakistan ; Central Pakistan ; Far West Pakistan,West Pakistan ; Central Pakistan ; Far West Pakistan
Cyclonic Circulation (CYCIR),13-01-2024,1.5 km,Sri Lanka and neighbourhood,SW Bay ; Comorin Area
Western Disturbances (WD),14-01-2024,5.8 km,West Pakistan ; Central Pakistan ; Far West Pakistan,West Pakistan ; Central Pakistan ; Far West Pakistan
Cyclonic Circulation (CYCIR),14-01-2024,1.5 km,Bangladesh,Bangladesh
Cyclonic Circulation (CYCIR),15-01-2024,1.5 km,Bangladesh,Bangladesh
Cyclonic Circulation (CYCIR),15-01-2024,0.9 km,SW Bay,SW Bay
Cyclonic Circulation (CYCIR),16-01-2024,3.1 km,Bangladesh,Bangladesh
Cyclonic Circulation (CYCIR),16-01-2024,1.5 km to 3.1 km,Comorin Area,Comorin Area
Easterly Trough,16-01-2024,0.9 km,North Interior Karnataka ; Vidarbha,North Interior Karnataka ; Vidarbha
Cyclonic Circulation (CYCIR),17-01-2024,3.1 km,Bangladesh,Bangladesh
Easterly Trough,17-01-2024,0.9 km,South Interior Karnataka ; Vidarbha,South Interior Karnataka ; Vidarbha
Cyclonic Circulation (CYCIR),17-01-2024,0.9 km,West Rajasthan,West Rajasthan
Cyclonic Circulation (CYCIR),17-01-2024,1.5 km to 3.1 km,West Uttar Pradesh,West Uttar Pradesh
Cyclonic Circulation (CYCIR),17-01-2024,3.1 km,Maldives area,Maldives area
Cyclonic Circulation (CYCIR),18-01-2024,1.5 km,Assam & Meghalaya,Assam & Meghalaya
Easterly Trough,18-01-2024,0.9 km,South Interior Karnataka ; Chhattisgarh ; Telangana ; Vidarbha,South Interior Karnataka ; Chhattisgarh ; Telangana ; Vidarbha
Cyclonic Circulation (CYCIR),18-01-2024,1.5 km,West Uttar Pradesh,West Uttar Pradesh
Cyclonic Circulation (CYCIR),18-01-2024,0.9 km,SE Arabian Sea,SE Arabian Sea
Easterly Trough,19-01-2024,0.9 km,South Interior Karnataka ; North Interior Karnataka ; Marathwada ; Vidarbha,South Interior Karnataka ; North Interior Karnataka ; Marathwada ; Vidarbha
Cyclonic Circulation (CYCIR),19-01-2024,1.5 km,SE Arabian Sea,SE Arabian Sea
Cyclonic Circulation (CYCIR),19-01-2024,1.5 km,Madhya Maharashtra,Madhya Maharashtra
Easterly Trough,20-01-2024,0.9 km,South Interior Karnataka ; Vidarbha ; North Interior Karnataka ; Marathwada,South Interior Karnataka ; Vidarbha ; North Interior Karnataka ; Marathwada
Cyclonic Circulation (CYCIR),20-01-2024,1.5 km,Madhya Maharashtra,Madhya Maharashtra
Cyclonic Circulation (CYCIR),20-01-2024,1.5 km to 3.1 km,"Haryana, Chandigarh & Delhi","Haryana, Chandigarh & Delhi"
Western Disturbances (WD),20-01-2024,5.8 km,North Pakistan ; Ladakh,North Pakistan ; Ladakh
Easterly Trough,21-01-2024,0.9 km,South Interior Karnataka ; Vidarbha ; North Interior Karnataka ; Marathwada,South Interior Karnataka ; Vidarbha ; North Interior Karnataka ; Marathwada
Cyclonic Circulation (CYCIR),21-01-2024,1.5 km,Konkan & Goa,Konkan & Goa
Cyclonic Circulation (CYCIR),21-01-2024,1.5 km,Bangladesh,Bangladesh
Western Disturbances (WD),21-01-2024,5.8 km,Himachal Pradesh ; Ladakh,Himachal Pradesh ; Ladakh
Cyclonic Circulation (CYCIR),22-01-2024,0.9 km,Chhattisgarh,Chhattisgarh
Easterly Trough,22-01-2024,0.9 km,South Interior Karnataka ; North Interior Karnataka ; Telangana ; Vidarbha ; Chhattisgarh,South Interior Karnataka ; North Interior Karnataka ; Telangana ; Vidarbha ; Chhattisgarh
Cyclonic Circulation (CYCIR),22-01-2024,1.5 km,EC Arabian Sea ; Konkan & Goa ; Madhya Maharashtra,EC Arabian Sea ; Konkan & Goa ; Madhya Maharashtra
Cyclonic Circulation (CYCIR),22-01-2024,1.5 km,Bangladesh,Bangladesh
Cyclonic Circulation (CYCIR),23-01-2024,0.9 km,Marathwada ; Vidarbha ; Telangana,Marathwada ; Vidarbha ; Telangana
Cyclonic Circulation (CYCIR),23-01-2024,3.1 km,West Uttar Pradesh,West Uttar Pradesh
Cyclonic Circulation (CYCIR),23-01-2024,3.1 km,Assam & Meghalaya,Assam & Meghalaya
Cyclonic Circulation (CYCIR),24-01-2024,0.9 km,Vidarbha,Vidarbha
Cyclonic Circulation (CYCIR),24-01-2024,3.1 km,West Uttar Pradesh,West Uttar Pradesh
Cyclonic Circulation (CYCIR),24-01-2024,1.5 km,EC Arabian Sea ; Konkan & Goa,EC Arabian Sea ; Konkan & Goa
Trough,24-01-2024,0.9 km,South Interior Karnataka ; North Interior Karnataka ; Vidarbha ; Chhattisgarh ; Odisha,South Interior Karnataka ; North Interior Karnataka ; Vidarbha ; Chhattisgarh ; Odisha
Western Disturbances (WD),25-01-2024,5.8 km,Far West Pakistan ; Southwest Pakistan ; West Pakistan ; North Pakistan ; Central Pakistan,Far West Pakistan ; Southwest Pakistan ; West Pakistan ; North Pakistan ; Central Pakistan
Cyclonic Circulation (CYCIR),25-01-2024,1.5 km,East Rajasthan,East Rajasthan
Cyclonic Circulation (CYCIR),25-01-2024,0.9 km,South Interior Karnataka,South Interior Karnataka
Trough,25-01-2024,0.9 km,South Interior Karnataka ; Odisha ; Telangana,South Interior Karnataka ; Odisha ; Telangana
Western Disturbances (WD),26-01-2024,5.8 km,North Pakistan,North Pakistan
Cyclonic Circulation (CYCIR),26-01-2024,0.9 km,West Rajasthan,West Rajasthan
Trough,26-01-2024,0.9 km,South Interior Karnataka ; Kerala,South Interior Karnataka ; Kerala
Cyclonic Circulation (CYCIR),26-01-2024,1.5 km to 3.1 km,Bangladesh,Bangladesh
Western Disturbances (WD),27-01-2024,5.8 km,North Pakistan,North Pakistan
Western Disturbances (WD),28-01-2024,5.8 km,Far West Pakistan,Far West Pakistan
Western Disturbances (WD),29-01-2024,3.1 km,North pakistan,North pakistan
Westerly Trough,29-01-2024,5.8 km,North Pakistan ; Jammu & Kashmir,North Pakistan ; Jammu & Kashmir
Western Disturbances (WD),29-01-2024,5.8 km,Far West Pakistan,Far West Pakistan
Cyclonic Circulation (CYCIR),29-01-2024,0.9 km,"West Rajasthan ; Punjab ; Haryana, Chandigarh & Delhi","West Rajasthan ; Punjab ; Haryana, Chandigarh & Delhi"
Western Disturbances (WD),30-01-2024,5.8 km,Southwest Pakistan ; West Pakistan ; Central Pakistan ; Far West Pakistan ; South Pakistan,Southwest Pakistan ; West Pakistan ; Central Pakistan ; Far West Pakistan ; South Pakistan
Cyclonic Circulation (CYCIR),30-01-2024,0.9 km,Bihar,Bihar
Cyclonic Circulation (CYCIR),30-01-2024,1.5 km,Assam & Meghalaya,Assam & Meghalaya
Westerly Trough,30-01-2024,5.8 km,Jammu & Kashmir ; Himachal Pradesh ; Ladakh ; North Pakistan,Jammu & Kashmir ; Himachal Pradesh ; Ladakh ; North Pakistan
Western Disturbances (WD),31-01-2024,5.8 km,West Pakistan,West Pakistan
Induced Cyclonic Circulation,31-01-2024,0.9 km,Central Pakistan ; West Rajasthan ; East Rajasthan,Central Pakistan ; West Rajasthan ; East Rajasthan
Cyclonic Circulation (CYCIR),31-01-2024,1.5 km,Assam & Meghalaya,Assam & Meghalaya
Cyclonic Circulation (CYCIR),31-01-2024,0.9 km,Bangladesh,Bangladesh
Trough,31-01-2024,0.9 km,Bangladesh ; Odisha ; Gangetic West Bengal,Bangladesh ; Odisha ; Gangetic West Bengal
Western Disturbances (WD),01-02-2024,5.8 km,North Pakistan ; Central Pakistan ; Jammu & Kashmir ; Punjab,North Pakistan ; Central Pakistan ; Jammu & Kashmir ; Punjab
Induced Cyclonic Circulation,01-02-2024,2.1 km,West Rajasthan,West Rajasthan
Cyclonic Circulation (CYCIR),01-02-2024,1.5 km,Assam & Meghalaya,Assam & Meghalaya
Trough,01-02-2024,0.9 km,Vidarbha ; Marathwada ; North Interior Karnataka ; South Interior Karnataka ; Tamil Nadu & Puducherry,Vidarbha ; Marathwada ; North Interior Karnataka ; South Interior Karnataka ; Tamil Nadu & Puducherry
Cyclonic Circulation (CYCIR),02-02-2024,1.5 km,Assam & Meghalaya,Assam & Meghalaya
Trough,02-02-2024,0.9 km,Vidarbha ; South Interior Karnataka ; North Interior Karnataka ; Marathwada,Vidarbha ; South Interior Karnataka ; North Interior Karnataka ; Marathwada
Western Disturbances (WD),02-02-2024,5.8 km,Jammu & Kashmir ; Punjab ; North Pakistan ; Haryana ; Himachal Pradesh,Jammu & Kashmir ; Punjab ; North Pakistan ; Haryana ; Himachal Pradesh
Western Disturbances (WD),03-02-2024,5.8 km,Far West Pakistan ; West Pakistan,Far West Pakistan ; West Pakistan
Induced Cyclonic Circulation,03-02-2024,0.9 km,West Rajasthan ; Pakistan,West Rajasthan ; Pakistan
Western Disturbances (WD),04-02-2024,5.8 km,North Pakistan,North Pakistan
Induced Cyclonic Circulation,04-02-2024,0.9 km,West Rajasthan ; Pakistan,West Rajasthan ; Pakistan
Cyclonic Circulation (CYCIR),04-02-2024,1.5 km,Bangladesh,Bangladesh
Western Disturbances (WD),05-02-2024,3.1 km,North pakistan ; Jammu & Kashmir ; Punjab,North pakistan ; Jammu & Kashmir ; Punjab
Westerly Trough,05-02-2024,5.8 km,North Pakistan ; Jammu & Kashmir,North Pakistan ; Jammu & Kashmir
Cyclonic Circulation (CYCIR),05-02-2024,1.5 km,Assam & Meghalaya,Assam & Meghalaya
Western Disturbances (WD),06-02-2024,3.1 km,North pakistan ; Jammu & Kashmir ; Punjab,North pakistan ; Jammu & Kashmir ; Punjab
Cyclonic Circulation (CYCIR),06-02-2024,0.9 km,Sub-Himalayan West Bengal & Sikkim,Sub-Himalayan West Bengal & Sikkim
Cyclonic Circulation (CYCIR),06-02-2024,0.9 km,East Madhya Pradesh,East Madhya Pradesh
Trough,06-02-2024,0.9 km,East Madhya Pradesh ; North Interior Karnataka ; Vidarbha ; Marathwada,East Madhya Pradesh ; North Interior Karnataka ; Vidarbha ; Marathwada
Western Disturbances (WD),07-02-2024,5.8 km,Central Pakistan ; North Pakistan ; West Pakistan,Central Pakistan ; North Pakistan ; West Pakistan
Cyclonic Circulation (CYCIR),07-02-2024,0.9 km,Vidarbha,Vidarbha
Trough,07-02-2024,0.9 km,Vidarbha ; North Interior Karnataka ; Telangana,Vidarbha ; North Interior Karnataka ; Telangana
Westerly Trough,07-02-2024,1.5 km,Sub-Himalayan West Bengal & Sikkim ; Assam & Meghalaya ; Nagaland-Manipur-Mizoram-Tripura,Sub-Himalayan West Bengal & Sikkim ; Assam & Meghalaya ; Nagaland-Manipur-Mizoram-Tripura
Westerly Trough,08-02-2024,1.5 km,Sub-Himalayan West Bengal & Sikkim ; Assam & Meghalaya ; Nagaland-Manipur-Mizoram-Tripura,Sub-Himalayan West Bengal & Sikkim ; Assam & Meghalaya ; Nagaland-Manipur-Mizoram-Tripura
Western Disturbances (WD),08-02-2024,5.8 km,North Pakistan ; Central Pakistan ; Jammu & Kashmir ; Punjab,North Pakistan ; Central Pakistan ; Jammu & Kashmir ; Punjab
Cyclonic Circulation (CYCIR),09-02-2024,1.5 km to 3.1 km,West Uttar Pradesh,West Uttar Pradesh
Cyclonic Circulation (CYCIR),10-02-2024,1.5 km,Gujarat Region,Gujarat Region
Trough,10-02-2024,0.9 km,EC Arabian Sea ; North Interior Karnataka ; Madhya Maharashtra ; Gujarat Region,EC Arabian Sea ; North Interior Karnataka ; Madhya Maharashtra ; Gujarat Region
Cyclonic Circulation (CYCIR),11-02-2024,1.5 km,Gujarat Region,Gujarat Region
Trough,11-02-2024,0.9 km,South Interior Karnataka ; North Interior Karnataka ; Marathwada ; Vidarbha,South Interior Karnataka ; North Interior Karnataka ; Marathwada ; Vidarbha
Cyclonic Circulation (CYCIR),11-02-2024,3.1 km,Assam & Meghalaya,Assam & Meghalaya
Cyclonic Circulation (CYCIR),12-02-2024,1.5 km,Gujarat Region,Gujarat Region
Western Disturbances (WD),12-02-2024,5.8 km,Southwest Pakistan ; Far West Pakistan ; West Pakistan ; South Pakistan,Southwest Pakistan ; Far West Pakistan ; West Pakistan ; South Pakistan
Cyclonic Circulation (CYCIR),12-02-2024,0.9 km,Punjab,Punjab
Cyclonic Circulation (CYCIR),12-02-2024,0.9 km,Marathwada,Marathwada
Cyclonic Circulation (CYCIR),12-02-2024,1.5 km,Vidarbha,Vidarbha
Western Disturbances (WD),13-02-2024,5.8 km,West Pakistan,West Pakistan
Induced Cyclonic Circulation,13-02-2024,1.5 km to 3.1 km,"Haryana, Chandigarh & Delhi","Haryana, Chandigarh & Delhi"
Cyclonic Circulation (CYCIR),13-02-2024,0.9 km,Marathwada,Marathwada
Western Disturbances (WD),14-02-2024,5.8 km,between Lat. 30°N/Long. 82°E and Lat. 24°N/Long. 70°E,Uttarakhand ; West Uttar Pradesh ; East Rajasthan ; West Rajasthan ; Saurashtra & Kutch
Induced Cyclonic Circulation,14-02-2024,3.1 km,West Uttar Pradesh,West Uttar Pradesh
Cyclonic Circulation (CYCIR),14-02-2024,0.9 km,Madhya Maharashtra,Madhya Maharashtra
Trough,14-02-2024,0.9 km,Madhya Maharashtra ; East Uttar Pradesh ; West Madhya Pradesh ; East Madhya Pradesh,Madhya Maharashtra ; East Uttar Pradesh ; West Madhya Pradesh ; East Madhya Pradesh
Western Disturbances (WD),15-02-2024,5.8 km,East Uttar Pradesh ; Bihar ; Jharkhand ; East Madhya Pradesh,East Uttar Pradesh ; Bihar ; Jharkhand ; East Madhya Pradesh
Cyclonic Circulation (CYCIR),15-02-2024,0.9 km,Chhattisgarh,Chhattisgarh
Trough,15-02-2024,0.9 km,North Interior Karnataka ; Telangana ; Vidarbha ; Chhattisgarh,North Interior Karnataka ; Telangana ; Vidarbha ; Chhattisgarh
Cyclonic Circulation (CYCIR),15-02-2024,1.5 km,Bangladesh,Bangladesh
Trough,16-02-2024,0.9 km,North Interior Karnataka ; Chhattisgarh ; Telangana ; Vidarbha,North Interior Karnataka ; Chhattisgarh ; Telangana ; Vidarbha
Cyclonic Circulation (CYCIR),16-02-2024,1.5 km,Assam & Meghalaya,Assam & Meghalaya
Western Disturbances (WD),16-02-2024,5.8 km,Bihar ; Jharkhand ; Sub-Himalayan West Bengal & Sikkim ; East Uttar Pradesh,Bihar ; Jharkhand ; Sub-Himalayan West Bengal & Sikkim ; East Uttar Pradesh
Trough,17-02-2024,0.9 km,Coastal Karnataka ; Konkan & Goa ; Gujrat Region,Coastal Karnataka ; Konkan & Goa ; Gujrat Region
Cyclonic Circulation (CYCIR),17-02-2024,1.5 km,Assam & Meghalaya,Assam & Meghalaya
Westerly Trough,17-02-2024,3.1 km,Assam & Meghalaya ; Arunachal Pradesh,Assam & Meghalaya ; Arunachal Pradesh
Western Disturbances (WD),18-02-2024,5.8 km,Far West Pakistan ; Southwest Pakistan,Far West Pakistan ; Southwest Pakistan
Western Disturbances (WD),18-02-2024,3.1 km,North pakistan,North pakistan
Induced Cyclonic Circulation,18-02-2024,1.5 km,Central Pakistan,Central Pakistan
Westerly Trough,18-02-2024,1.5 km,Assam & Meghalaya ; Arunachal Pradesh,Assam & Meghalaya ; Arunachal Pradesh
Western Disturbances (WD),19-02-2024,5.8 km,West Pakistan,West Pakistan
Western Disturbances (WD),19-02-2024,3.1 km,North pakistan,North pakistan
Induced Cyclonic Circulation,19-02-2024,1.5 km,Central Pakistan,Central Pakistan
Western Disturbances (WD),20-02-2024,3.1 km,Central Pakistan ; Punjab,Central Pakistan ; Punjab
Westerly Trough,20-02-2024,5.8 km,Central Pakistan ; North Pakistan ; West Pakistan,Central Pakistan ; North Pakistan ; West Pakistan
Induced Cyclonic Circulation,20-02-2024,1.5 km,Punjab ; Pakistan,Punjab ; Pakistan
Cyclonic Circulation (CYCIR),20-02-2024,1.5 km,Bangladesh,Bangladesh
Westerly Trough,20-02-2024,3.1 km,Nagaland-Manipur-Mizoram-Tripura ; Assam & Meghalaya ; Arunachal Pradesh ; Bangladesh,Nagaland-Manipur-Mizoram-Tripura ; Assam & Meghalaya ; Arunachal Pradesh ; Bangladesh
Western Disturbances (WD),21-02-2024,3.1 km,Himachal Pradesh ; Ladakh ; Punjab ; Haryana ; Uttarakhand,Himachal Pradesh ; Ladakh ; Punjab ; Haryana ; Uttarakhand
Induced Cyclonic Circulation,21-02-2024,1.5 km,West Uttar Pradesh,West Uttar Pradesh
Cyclonic Circulation (CYCIR),21-02-2024,1.5 km,Assam & Meghalaya,Assam & Meghalaya
Trough,21-02-2024,0.9 km,East Madhya Pradesh ; Tamil Nadu & Puducherry ; Vidarbha ; Telangana ; Rayalaseema,East Madhya Pradesh ; Tamil Nadu & Puducherry ; Vidarbha ; Telangana ; Rayalaseema
Western Disturbances (WD),22-02-2024,5.8 km,North Pakistan,North Pakistan
Trough,22-02-2024,0.9 km,Marathwada ; Tamil Nadu & Puducherry ; South Interior Karnataka ; North Interior Karnataka ; Coastal Karnataka,Marathwada ; Tamil Nadu & Puducherry ; South Interior Karnataka ; North Interior Karnataka ; Coastal Karnataka
Cyclonic Circulation (CYCIR),22-02-2024,0.9 km,Chhattisgarh,Chhattisgarh
Western Disturbances (WD),23-02-2024,5.8 km,West Pakistan ; North Pakistan ; Central Pakistan,West Pakistan ; North Pakistan ; Central Pakistan
Cyclonic Circulation (CYCIR),23-02-2024,1.5 km,Telangana,Telangana
Trough,23-02-2024,0.9 km,Telangana ; Tamil Nadu & Puducherry ; Rayalaseema,Telangana ; Tamil Nadu & Puducherry ; Rayalaseema
Cyclonic Circulation (CYCIR),23-02-2024,0.9 km,Chhattisgarh,Chhattisgarh
Western Disturbances (WD),23-02-2024,5.8 km,Jammu & Kashmir ; Himachal Pradesh ; Ladakh ; North Pakistan,Jammu & Kashmir ; Himachal Pradesh ; Ladakh ; North Pakistan
Western Disturbances (WD),24-02-2024,5.8 km,North Pakistan ; Jammu & Kashmir,North Pakistan ; Jammu & Kashmir
Cyclonic Circulation (CYCIR),24-02-2024,1.5 km,West Rajasthan ; East Rajasthan,West Rajasthan ; East Rajasthan
Cyclonic Circulation (CYCIR),24-02-2024,0.9 km,Marathwada,Marathwada
Trough,24-02-2024,0.9 km,Marathwada ; Tamil Nadu & Puducherry ; North Interior Karnataka ; South Interior Karnataka,Marathwada ; Tamil Nadu & Puducherry ; North Interior Karnataka ; South Interior Karnataka
Trough,24-02-2024,0.9 km,Marathwada ; Coastal Andhra Pradesh ; Vidarbha ; Chhattisgarh,Marathwada ; Coastal Andhra Pradesh ; Vidarbha ; Chhattisgarh
Western Disturbances (WD),25-02-2024,5.8 km,East Uttar Pradesh ; Bihar,East Uttar Pradesh ; Bihar
Trough,25-02-2024,0.9 km,Chhattisgarh ; Vidarbha ; North Interior Karnataka ; South Interior Karnataka ; Tamil Nadu & Puducherry,Chhattisgarh ; Vidarbha ; North Interior Karnataka ; South Interior Karnataka ; Tamil Nadu & Puducherry
Trough,25-02-2024,3.1 km,Assam & Meghalaya ; Nagaland-Manipur-Mizoram-Tripura ; Arunachal Pradesh,Assam & Meghalaya ; Nagaland-Manipur-Mizoram-Tripura ; Arunachal Pradesh
Western Disturbances (WD),26-02-2024,5.8 km,Far West Pakistan ; Southwest Pakistan,Far West Pakistan ; Southwest Pakistan
Cyclonic Circulation (CYCIR),26-02-2024,1.5 km,Assam & Meghalaya,Assam & Meghalaya
Trough,26-02-2024,0.9 km,North Interior Karnataka ; Kerala ; South Interior Karnataka,North Interior Karnataka ; Kerala ; South Interior Karnataka
Trough,26-02-2024,1.5 km,EC Arabian Sea ; NE Arabian Sea ; West Madhya Pradesh ; Gujarat Region,EC Arabian Sea ; NE Arabian Sea ; West Madhya Pradesh ; Gujarat Region
Western Disturbances (WD),27-02-2024,5.8 km,Far West Pakistan ; Southwest Pakistan,Far West Pakistan ; Southwest Pakistan
Cyclonic Circulation (CYCIR),27-02-2024,1.5 km,Bangladesh,Bangladesh
Trough,27-02-2024,1.5 km,Bihar ; Bangladesh,Bihar ; Bangladesh
Trough,27-02-2024,0.9 km,NE Arabian Sea ; East Rajasthan ; Gujarat Region,NE Arabian Sea ; East Rajasthan ; Gujarat Region
Cyclonic Circulation (CYCIR),27-02-2024,3.1 km,"Haryana, Chandigarh & Delhi","Haryana, Chandigarh & Delhi"
Trough,27-02-2024,0.9 km,South Interior Karnataka ; Madhya Maharashtra ; Konkan & Goa,South Interior Karnataka ; Madhya Maharashtra ; Konkan & Goa
Trough,23-03-2024,1.5 km,Kerala ; Vidarbha,Kerala ; Vidarbha
Cyclonic Circulation (CYCIR),23-03-2024,1.5 km,Assam & Meghalaya,Assam & Meghalaya
Trough,23-03-2024,3.1 km to 4.5 km,Assam & Meghalaya ; Nagaland-Manipur-Mizoram-Tripura ; Arunachal Pradesh,Assam & Meghalaya ; Nagaland-Manipur-Mizoram-Tripura ; Arunachal Pradesh
Western Disturbances (WD),23-03-2024,5.8 km,North Pakistan ; Jammu & Kashmir,North Pakistan ; Jammu & Kashmir
Trough,24-03-2024,1.5 km,South Interior Karnataka ; Vidarbha ; North Interior Karnataka,South Interior Karnataka ; Vidarbha ; North Interior Karnataka
Cyclonic Circulation (CYCIR),24-03-2024,1.5 km,Assam & Meghalaya,Assam & Meghalaya
Trough,24-03-2024,0.9 km,Bihar ; Assam & Meghalaya ; Bangladesh,Bihar ; Assam & Meghalaya ; Bangladesh
Induced Cyclonic Circulation,24-03-2024,1.5 km,West Rajasthan,West Rajasthan
Western Disturbances (WD),24-03-2024,5.8 km,West Pakistan ; North Pakistan ; Central Pakistan ; Jammu & Kashmir,West Pakistan ; North Pakistan ; Central Pakistan ; Jammu & Kashmir
Western Disturbances (WD),25-03-2024,5.8 km,Far West Pakistan ; Southwest Pakistan ; West Pakistan ; South Pakistan ; Central Pakistan,Far West Pakistan ; Southwest Pakistan ; West Pakistan ; South Pakistan ; Central Pakistan
Trough,25-03-2024,1.5 km,South Interior Karnataka ; North Interior Karnataka ; Vidarbha,South Interior Karnataka ; North Interior Karnataka ; Vidarbha
Cyclonic Circulation (CYCIR),25-03-2024,1.5 km,Assam & Meghalaya,Assam & Meghalaya
Trough,25-03-2024,0.9 km,East Madhya Pradesh ; Chhattisgarh ; Jharkhand ; Gangetic West Bengal ; Assam & Meghalaya,East Madhya Pradesh ; Chhattisgarh ; Jharkhand ; Gangetic West Bengal ; Assam & Meghalaya
Cyclonic Circulation (CYCIR),25-03-2024,0.9 km,Bangladesh,Bangladesh
Westerly Trough,25-03-2024,3.1 km,Nagaland-Manipur-Mizoram-Tripura ; Assam & Meghalaya ; Arunachal Pradesh ; Bangladesh,Nagaland-Manipur-Mizoram-Tripura ; Assam & Meghalaya ; Arunachal Pradesh ; Bangladesh
Western Disturbances (WD),25-03-2024,5.8 km,West Pakistan ; North Pakistan ; Central Pakistan ; Jammu & Kashmir,West Pakistan ; North Pakistan ; Central Pakistan ; Jammu & Kashmir
Cyclonic Circulation (CYCIR),26-03-2024,1.5 km,Assam & Meghalaya,Assam & Meghalaya
Westerly Trough,26-03-2024,3.1 km,Nagaland-Manipur-Mizoram-Tripura ; Assam & Meghalaya ; Arunachal Pradesh ; Bangladesh,Nagaland-Manipur-Mizoram-Tripura ; Assam & Meghalaya ; Arunachal Pradesh ; Bangladesh
Trough,26-03-2024,1.5 km,North Interior Karnataka ; Vidarbha,North Interior Karnataka ; Vidarbha
Western Disturbances (WD),26-03-2024,5.8 km,Far West Pakistan,Far West Pakistan
Trough,27-03-2024,0.9 km,South Interior Karnataka ; Vidarbha,South Interior Karnataka ; Vidarbha
Western Disturbances (WD),27-03-2024,3.1 km,Far West Pakistan,Far West Pakistan
Cyclonic Circulation (CYCIR),27-03-2024,0.9 km,West Rajasthan,West Rajasthan
Westerly Trough,27-03-2024,1.5 km,Gangetic West Bengal ; Sub-Himalayan West Bengal & Sikkim ; Bihar ; Jharkhand ; Odisha,Gangetic West Bengal ; Sub-Himalayan West Bengal & Sikkim ; Bihar ; Jharkhand ; Odisha
Trough,27-03-2024,0.9 km,Bihar ; Assam & Meghalaya,Bihar ; Assam & Meghalaya
Cyclonic Circulation (CYCIR),27-03-2024,1.5 km,Kerala,Kerala
Western Disturbances (WD),28-03-2024,5.8 km,Far West Pakistan,Far West Pakistan
Trough,28-03-2024,1.5 km,North Interior Karnataka ; West Madhya Pradesh ; East Madhya Pradesh,North Interior Karnataka ; West Madhya Pradesh ; East Madhya Pradesh
Cyclonic Circulation (CYCIR),28-03-2024,1.5 km,West Rajasthan ; Pakistan,West Rajasthan ; Pakistan
Cyclonic Circulation (CYCIR),28-03-2024,1.5 km,Assam & Meghalaya,Assam & Meghalaya
Cyclonic Circulation (CYCIR),28-03-2024,0.9 km,Bihar,Bihar
Western Disturbances (WD),29-03-2024,3.1 km to 4.5 km,Iran,Iran
Westerly Trough,29-03-2024,5.8 km,Far West Pakistan,Far West Pakistan
Trough,29-03-2024,0.9 km,Tamil Nadu & Puducherry ; North Interior Karnataka ; South Interior Karnataka ; Marathwada ; West Madhya Pradesh,Tamil Nadu & Puducherry ; North Interior Karnataka ; South Interior Karnataka ; Marathwada ; West Madhya Pradesh
Cyclonic Circulation (CYCIR),29-03-2024,1.5 km,West Rajasthan,West Rajasthan
Cyclonic Circulation (CYCIR),29-03-2024,1.5 km to 3.1 km,Assam & Meghalaya,Assam & Meghalaya
Cyclonic Circulation (CYCIR),29-03-2024,0.9 km,West Madhya Pradesh,West Madhya Pradesh
Cyclonic Circulation (CYCIR),29-03-2024,0.9 km,Odisha,Odisha
Western Disturbances (WD),30-03-2024,4.5 km,Afghanistan and neighbourhood,Far West Pakistan
Westerly Trough,30-03-2024,5.8 km,West Pakistan,West Pakistan
Trough,30-03-2024,0.9 km,Tamil Nadu & Puducherry ; Chhattisgarh ; North Interior Karnataka ; South Interior Karnataka ; Vidarbha,Tamil Nadu & Puducherry ; Chhattisgarh ; North Interior Karnataka ; South Interior Karnataka ; Vidarbha
Induced Cyclonic Circulation,30-03-2024,0.9 km,West Rajasthan,West Rajasthan
Cyclonic Circulation (CYCIR),30-03-2024,1.5 km,Sub-Himalayan West Bengal & Sikkim,Sub-Himalayan West Bengal & Sikkim
Cyclonic Circulation (CYCIR),30-03-2024,0.9 km,Chhattisgarh,Chhattisgarh
Western Disturbances (WD),31-03-2024,5.8 km,North Pakistan ; Central Pakistan ; Jammu & Kashmir ; Punjab,North Pakistan ; Central Pakistan ; Jammu & Kashmir ; Punjab
Trough,31-03-2024,1.5 km,Tamil Nadu & Puducherry ; North Interior Karnataka ; South Interior Karnataka ; Marathwada,Tamil Nadu & Puducherry ; North Interior Karnataka ; South Interior Karnataka ; Marathwada
Induced Cyclonic Circulation,31-03-2024,0.9 km,"Haryana, Chandigarh & Delhi","Haryana, Chandigarh & Delhi"
Cyclonic Circulation (CYCIR),31-03-2024,1.5 km,Assam & Meghalaya,Assam & Meghalaya
Trough,31-03-2024,0.9 km,Bihar ; Jharkhand ; Gangetic West Bengal ; NW Bay ; NE Bay,Bihar ; Jharkhand ; Gangetic West Bengal ; NW Bay ; NE Bay
Western Disturbances (WD),28-02-2024,5.8 km,between Long. 45°E/Lat. 28°N and Long. 68°E/Lat. 40°N,Iran ; North pakistan
Western Disturbances (WD),28-02-2024,9.6 km,northwest Iran and neighbourhood,Iran
Trough,28-02-2024,0.9 km,South Interior Karnataka ; Madhya Maharashtra ; Konkan & Goa,South Interior Karnataka ; Madhya Maharashtra ; Konkan & Goa
Westerly Trough,28-02-2024,3.1 km,Assam & Meghalaya ; Nagaland-Manipur-Mizoram-Tripura ; Arunachal Pradesh,Assam & Meghalaya ; Nagaland-Manipur-Mizoram-Tripura ; Arunachal Pradesh
Western Disturbances (WD),29-02-2024,3.1 km to 9.6 km,Iran,Iran
Trough,29-02-2024,0.9 km,Kerala ; Konkan & Goa,Kerala ; Konkan & Goa
Westerly Trough,29-02-2024,3.1 km,Assam & Meghalaya ; Nagaland-Manipur-Mizoram-Tripura ; Arunachal Pradesh,Assam & Meghalaya ; Nagaland-Manipur-Mizoram-Tripura ; Arunachal Pradesh
Cyclonic Circulation (CYCIR),29-02-2024,1.5 km,Bihar,Bihar
Western Disturbances (WD),01-03-2024,3.1 km to 12.6 km,northwest Afghanistan and neighbourhood,Far West Pakistan
Trough,01-03-2024,3.1 km to 7.6 km,NW Arabian Sea,NW Arabian Sea
Induced Cyclonic Circulation,01-03-2024,1.5 km,West Rajasthan ; Pakistan,West Rajasthan ; Pakistan
Cyclonic Circulation (CYCIR),01-03-2024,1.5 km,Bihar,Bihar
Cyclonic Circulation (CYCIR),01-03-2024,3.1 km,Assam & Meghalaya,Assam & Meghalaya
Western Disturbances (WD),02-03-2024,3.1 km to 12.6 km,central Afghanistan and neighbourhood,Far West Pakistan
Trough,02-03-2024,3.1 km to 12.6 km,NW Arabian Sea,NW Arabian Sea
Induced Cyclonic Circulation,02-03-2024,1.5 km,North pakistan ; Punjab,North pakistan ; Punjab
Cyclonic Circulation (CYCIR),02-03-2024,3.1 km,Assam & Meghalaya,Assam & Meghalaya
Western Disturbances (WD),03-03-2024,3.1 km to 12.6 km,North pakistan,North pakistan
Trough,03-03-2024,3.1 km to 12.6 km,North pakistan ; NE Arabian Sea,North pakistan ; NE Arabian Sea
Induced Low,03-03-2024,1.5 km,Punjab,Punjab
Trough,03-03-2024,0.9 km,West Madhya Pradesh ; North Interior Karnataka,West Madhya Pradesh ; North Interior Karnataka
Western Disturbances (WD),04-03-2024,5.8 km,Jammu & Kashmir ; Punjab ; North Pakistan ; Haryana ; Himachal Pradesh,Jammu & Kashmir ; Punjab ; North Pakistan ; Haryana ; Himachal Pradesh
Trough,04-03-2024,0.9 km,East Madhya Pradesh ; Vidarbha ; Telangana ; North Interior Karnataka ; South Interior Karnataka ; Tamil Nadu & Puducherry,East Madhya Pradesh ; Vidarbha ; Telangana ; North Interior Karnataka ; South Interior Karnataka ; Tamil Nadu & Puducherry
Induced Cyclonic Circulation,04-03-2024,3.1 km,West Uttar Pradesh,West Uttar Pradesh
Cyclonic Circulation (CYCIR),04-03-2024,1.5 km,Assam & Meghalaya,Assam & Meghalaya
Western Disturbances (WD),05-03-2024,5.8 km,Far West Pakistan,Far West Pakistan
Cyclonic Circulation (CYCIR),05-03-2024,1.5 km to 3.1 km,Punjab,Punjab
Cyclonic Circulation (CYCIR),05-03-2024,0.9 km,Chhattisgarh,Chhattisgarh
Cyclonic Circulation (CYCIR),05-03-2024,0.9 km,Odisha,Odisha
Westerly Trough,05-03-2024,1.5 km to 3.1 km,Assam & Meghalaya ; Nagaland-Manipur-Mizoram-Tripura ; Arunachal Pradesh,Assam & Meghalaya ; Nagaland-Manipur-Mizoram-Tripura ; Arunachal Pradesh
Trough,05-03-2024,0.9 km,Tamil Nadu & Puducherry ; North Interior Karnataka ; South Interior Karnataka,Tamil Nadu & Puducherry ; North Interior Karnataka ; South Interior Karnataka
Western Disturbances (WD),05-03-2024,5.8 km,Punjab ; Haryana ; Jammu & Kashmir ; Himachal Pradesh ; Ladakh,Punjab ; Haryana ; Jammu & Kashmir ; Himachal Pradesh ; Ladakh
Western Disturbances (WD),06-03-2024,5.8 km,West Pakistan ; Central Pakistan ; Far West Pakistan,West Pakistan ; Central Pakistan ; Far West Pakistan
Cyclonic Circulation (CYCIR),06-03-2024,3.1 km,"West Uttar Pradesh ; Haryana, Chandigarh & Delhi","West Uttar Pradesh ; Haryana, Chandigarh & Delhi"
Trough,06-03-2024,0.9 km,Tamil Nadu & Puducherry ; Vidarbha ; South Interior Karnataka ; North Interior Karnataka,Tamil Nadu & Puducherry ; Vidarbha ; South Interior Karnataka ; North Interior Karnataka
Cyclonic Circulation (CYCIR),06-03-2024,1.5 km,Odisha,Odisha
Cyclonic Circulation (CYCIR),06-03-2024,1.5 km,Assam & Meghalaya,Assam & Meghalaya
Westerly Trough,06-03-2024,1.5 km to 3.1 km,Assam & Meghalaya ; Nagaland-Manipur-Mizoram-Tripura ; Arunachal Pradesh,Assam & Meghalaya ; Nagaland-Manipur-Mizoram-Tripura ; Arunachal Pradesh
Western Disturbances (WD),07-03-2024,3.1 km,North pakistan,North pakistan
Westerly Trough,07-03-2024,5.8 km,West Pakistan ; Central Pakistan,West Pakistan ; Central Pakistan
Induced Cyclonic Circulation,07-03-2024,0.9 km,West Rajasthan ; Pakistan,West Rajasthan ; Pakistan
Trough,07-03-2024,1.5 km,Vidarbha ; Tamil Nadu & Puducherry,Vidarbha ; Tamil Nadu & Puducherry
Cyclonic Circulation (CYCIR),07-03-2024,0.9 km,Odisha,Odisha
Western Disturbances (WD),08-03-2024,3.1 km,Punjab,Punjab
Westerly Trough,08-03-2024,5.8 km,North Pakistan ; Jammu & Kashmir,North Pakistan ; Jammu & Kashmir
Trough,08-03-2024,0.9 km,Telangana ; Rayalaseema ; Tamil Nadu & Puducherry ; Comorin Area,Telangana ; Rayalaseema ; Tamil Nadu & Puducherry ; Comorin Area
Trough,08-03-2024,0.9 km,Odisha ; Coastal Andhra Pradesh,Odisha ; Coastal Andhra Pradesh
Cyclonic Circulation (CYCIR),08-03-2024,0.9 km,Odisha,Odisha
Westerly Trough,08-03-2024,3.1 km,Assam & Meghalaya ; Nagaland-Manipur-Mizoram-Tripura ; Arunachal Pradesh,Assam & Meghalaya ; Nagaland-Manipur-Mizoram-Tripura ; Arunachal Pradesh
Cyclonic Circulation (CYCIR),08-03-2024,1.5 km,Telangana,Telangana
Western Disturbances (WD),09-03-2024,5.8 km,Far West Pakistan,Far West Pakistan
Trough,09-03-2024,0.9 km,Vidarbha ; Tamil Nadu & Puducherry ; Marathwada ; North Interior Karnataka ; South Interior Karnataka,Vidarbha ; Tamil Nadu & Puducherry ; Marathwada ; North Interior Karnataka ; South Interior Karnataka
Westerly Trough,09-03-2024,3.1 km,Assam & Meghalaya ; Arunachal Pradesh,Assam & Meghalaya ; Arunachal Pradesh
Cyclonic Circulation (CYCIR),09-03-2024,1.5 km,Odisha,Odisha
Westerly Trough,09-03-2024,5.8 km,Himachal Pradesh ; Ladakh ; Jammu & Kashmir,Himachal Pradesh ; Ladakh ; Jammu & Kashmir
Western Disturbances (WD),10-03-2024,5.8 km,Far West Pakistan ; Southwest Pakistan,Far West Pakistan ; Southwest Pakistan
Trough,10-03-2024,0.9 km,Vidarbha ; Odisha,Vidarbha ; Odisha
Cyclonic Circulation (CYCIR),10-03-2024,3.1 km,West Rajasthan,West Rajasthan
Cyclonic Circulation (CYCIR),10-03-2024,1.5 km,South Interior Karnataka,South Interior Karnataka
Westerly Trough,10-03-2024,3.1 km,Assam & Meghalaya ; Arunachal Pradesh,Assam & Meghalaya ; Arunachal Pradesh
Western Disturbances (WD),11-03-2024,5.8 km,Southwest Pakistan ; Far West Pakistan ; West Pakistan ; South Pakistan,Southwest Pakistan ; Far West Pakistan ; West Pakistan ; South Pakistan
Trough,11-03-2024,0.9 km,West Rajasthan ; East Madhya Pradesh ; East Rajasthan ; West Madhya Pradesh,West Rajasthan ; East Madhya Pradesh ; East Rajasthan ; West Madhya Pradesh
Cyclonic Circulation (CYCIR),11-03-2024,1.5 km,South Interior Karnataka,South Interior Karnataka
Cyclonic Circulation (CYCIR),11-03-2024,1.5 km,Coastal Andhra Pradesh,Coastal Andhra Pradesh
Western Disturbances (WD),12-03-2024,5.8 km,North Pakistan ; Jammu & Kashmir,North Pakistan ; Jammu & Kashmir
Western Disturbances (WD),12-03-2024,5.8 km,Far West Pakistan,Far West Pakistan
Trough,12-03-2024,0.9 km,Chhattisgarh ; North Interior Karnataka ; Vidarbha ; Telangana,Chhattisgarh ; North Interior Karnataka ; Vidarbha ; Telangana
Westerly Trough,12-03-2024,3.1 km,Assam & Meghalaya ; Nagaland-Manipur-Mizoram-Tripura ; Arunachal Pradesh,Assam & Meghalaya ; Nagaland-Manipur-Mizoram-Tripura ; Arunachal Pradesh
Western Disturbances (WD),13-03-2024,5.8 km,West Pakistan ; South Pakistan,West Pakistan ; South Pakistan
Induced Cyclonic Circulation,13-03-2024,0.9 km,West Rajasthan,West Rajasthan
Trough,13-03-2024,0.9 km,Odisha ; EC Arabian Sea ; Chhattisgarh ; Telangana ; South Interior Karnataka ; North Interior Karnataka,Odisha ; EC Arabian Sea ; Chhattisgarh ; Telangana ; South Interior Karnataka ; North Interior Karnataka
Cyclonic Circulation (CYCIR),13-03-2024,1.5 km,Assam & Meghalaya,Assam & Meghalaya
Western Disturbances (WD),14-03-2024,3.1 km,Punjab,Punjab
Westerly Trough,14-03-2024,5.8 km,North Pakistan ; Jammu & Kashmir,North Pakistan ; Jammu & Kashmir
Induced Cyclonic Circulation,14-03-2024,0.9 km,West Madhya Pradesh,West Madhya Pradesh
Trough,14-03-2024,0.9 km,Gangetic West Bengal ; Coastal Andhra Pradesh ; Odisha,Gangetic West Bengal ; Coastal Andhra Pradesh ; Odisha
Trough,14-03-2024,0.9 km,Vidarbha ; Tamil Nadu & Puducherry ; Telangana ; Rayalaseema,Vidarbha ; Tamil Nadu & Puducherry ; Telangana ; Rayalaseema
Cyclonic Circulation (CYCIR),14-03-2024,0.9 km,North Interior Karnataka,North Interior Karnataka
Cyclonic Circulation (CYCIR),14-03-2024,1.5 km,SW Bay,SW Bay
Cyclonic Circulation (CYCIR),14-03-2024,1.5 km,Assam & Meghalaya,Assam & Meghalaya
Cyclonic Circulation (CYCIR),15-03-2024,0.9 km,Odisha,Odisha
Trough,15-03-2024,0.9 km,Odisha ; Vidarbha ; Chhattisgarh,Odisha ; Vidarbha ; Chhattisgarh
Trough,15-03-2024,0.9 km,Marathwada ; North Interior Karnataka ; South Interior Karnataka ; Tamil Nadu & Puducherry ; Comorin Area,Marathwada ; North Interior Karnataka ; South Interior Karnataka ; Tamil Nadu & Puducherry ; Comorin Area
Cyclonic Circulation (CYCIR),15-03-2024,1.5 km,South Interior Karnataka,South Interior Karnataka
Cyclonic Circulation (CYCIR),15-03-2024,1.5 km,Assam & Meghalaya,Assam & Meghalaya
Westerly Trough,15-03-2024,5.8 km,North Pakistan ; Jammu & Kashmir,North Pakistan ; Jammu & Kashmir
Trough,16-03-2024,0.9 km,Marathwada ; North Interior Karnataka ; South Interior Karnataka ; Tamil Nadu & Puducherry ; Comorin Area,Marathwada ; North Interior Karnataka ; South Interior Karnataka ; Tamil Nadu & Puducherry ; Comorin Area
Trough,16-03-2024,0.9 km,Sub-Himalayan West Bengal & Sikkim ; Coastal Andhra Pradesh ; Gangetic West Bengal ; Odisha,Sub-Himalayan West Bengal & Sikkim ; Coastal Andhra Pradesh ; Gangetic West Bengal ; Odisha
Westerly Trough,16-03-2024,3.1 km,Nagaland-Manipur-Mizoram-Tripura ; Assam & Meghalaya ; Arunachal Pradesh ; Bangladesh,Nagaland-Manipur-Mizoram-Tripura ; Assam & Meghalaya ; Arunachal Pradesh ; Bangladesh
Trough,17-03-2024,0.9 km,Vidarbha ; Madhya Maharashtra ; Kerala ; North Interior Karnataka ; South Interior Karnataka,Vidarbha ; Madhya Maharashtra ; Kerala ; North Interior Karnataka ; South Interior Karnataka
Westerly Trough,17-03-2024,3.1 km,Arunachal Pradesh ; Nagaland-Manipur-Mizoram-Tripura ; Assam & Meghalaya,Arunachal Pradesh ; Nagaland-Manipur-Mizoram-Tripura ; Assam & Meghalaya
Trough,18-03-2024,0.9 km,Tamil Nadu & Puducherry ; Vidarbha ; South Interior Karnataka ; North Interior Karnataka,Tamil Nadu & Puducherry ; Vidarbha ; South Interior Karnataka ; North Interior Karnataka
Western Disturbances (WD),18-03-2024,5.8 km,West Pakistan ; Central Pakistan,West Pakistan ; Central Pakistan
Trough,18-03-2024,0.9 km,Jharkhand ; Coastal Andhra Pradesh ; Odisha,Jharkhand ; Coastal Andhra Pradesh ; Odisha
Cyclonic Circulation (CYCIR),18-03-2024,1.5 km,Vidarbha,Vidarbha
Cyclonic Circulation (CYCIR),18-03-2024,1.5 km,Assam & Meghalaya,Assam & Meghalaya
Cyclonic Circulation (CYCIR),18-03-2024,3.1 km,West Uttar Pradesh,West Uttar Pradesh
Cyclonic Circulation (CYCIR),19-03-2024,1.5 km,Vidarbha,Vidarbha
Cyclonic Circulation (CYCIR),19-03-2024,1.5 km to 3.1 km,West Uttar Pradesh,West Uttar Pradesh
Trough,19-03-2024,0.9 km,Jharkhand ; Assam & Meghalaya,Jharkhand ; Assam & Meghalaya
Westerly Trough,19-03-2024,3.1 km,Arunachal Pradesh ; Nagaland-Manipur-Mizoram-Tripura ; Assam & Meghalaya,Arunachal Pradesh ; Nagaland-Manipur-Mizoram-Tripura ; Assam & Meghalaya
Trough,19-03-2024,1.5 km,South Interior Karnataka ; Vidarbha,South Interior Karnataka ; Vidarbha
Western Disturbances (WD),19-03-2024,5.8 km,Haryana ; East Rajasthan ; West Madhya Pradesh ; Punjab ; Delhi,Haryana ; East Rajasthan ; West Madhya Pradesh ; Punjab ; Delhi
Cyclonic Circulation (CYCIR),20-03-2024,1.5 km,Telangana,Telangana
Trough,20-03-2024,1.5 km,Kerala ; Telangana,Kerala ; Telangana
Trough,20-03-2024,1.5 km,East Madhya Pradesh ; Assam & Meghalaya,East Madhya Pradesh ; Assam & Meghalaya
Cyclonic Circulation (CYCIR),20-03-2024,0.9 km,Bangladesh,Bangladesh
Western Disturbances (WD),20-03-2024,3.1 km,Jharkhand,Jharkhand
Westerly Trough,20-03-2024,5.8 km to 12.6 km,East Uttar Pradesh ; Vidarbha,East Uttar Pradesh ; Vidarbha
Western Disturbances (WD),20-03-2024,5.8 km,Far West Pakistan,Far West Pakistan
Cyclonic Circulation (CYCIR),21-03-2024,1.5 km,Vidarbha,Vidarbha
Cyclonic Circulation (CYCIR),21-03-2024,1.5 km,Jharkhand,Jharkhand
Trough,21-03-2024,0.9 km,EC Arabian Sea ; SE Arabian Sea ; Konkan & Goa ; Madhya Maharashtra,EC Arabian Sea ; SE Arabian Sea ; Konkan & Goa ; Madhya Maharashtra
Trough,21-03-2024,1.5 km,"Jharkhand ; Sub-Himalayan West Bengal & Sikkim ; Nagaland, Manipur, Mizoram & Tripura","Jharkhand ; Sub-Himalayan West Bengal & Sikkim ; Nagaland, Manipur, Mizoram & Tripura"
Western Disturbances (WD),21-03-2024,3.1 km to 9.6 km,Jharkhand,Jharkhand
Western Disturbances (WD),21-03-2024,5.8 km,Southwest Pakistan ; Far West Pakistan ; West Pakistan ; South Pakistan,Southwest Pakistan ; Far West Pakistan ; West Pakistan ; South Pakistan
Trough,22-03-2024,0.9 km,Tamil Nadu & Puducherry ; Vidarbha,Tamil Nadu & Puducherry ; Vidarbha
Cyclonic Circulation (CYCIR),22-03-2024,1.5 km to 4.5 km,Assam & Meghalaya,Assam & Meghalaya
Western Disturbances (WD),22-03-2024,5.8 km,North Pakistan,North Pakistan
Cyclonic Circulation (CYCIR),22-03-2024,1.5 km,West Rajasthan ; Pakistan,West Rajasthan ; Pakistan
